genus	in_phaz_set	phaz_count	known_phac
0-14-3-00-62-12	True	5	False
17J80-11	True	1	False
2-02-FULL-66-14	True	2	False
2-12-FULL-64-23	True	9	False
40CM-4-68-19	True	1	False
62-47	True	2	False
AP-15	True	38	False
AP-16	True	3	False
AVCC01	True	1	False
AWTP1-13	True	6	False
Aalborgiella	True	6	False
Acaudatibacter	True	6	False
Accumulibacter	True	5	False
Achromobacter	True	39	False
Acidibrevibacterium	True	2	False
Acidiflorens	True	1	False
Acidimangrovimonas	True	1	False
Acidiphilium	True	2	False
Acidisoma	True	1	False
Acidocella	True	4	False
Acidovorax	True	67	True
Acidovorax_F	True	3	False
Acidovorax_G	True	2	False
Actimicrobium	True	5	False
Actinoallomurus	True	1	False
Actinocorallia	True	1	False
Actinophytocola	True	1	False
Actinoplanes	True	4	False
Actinospica	True	1	False
Advenella	True	2	False
Aerobium	True	2	False
Aerolutibacter	True	3	False
Aeromonas	False	0	True
Aerosticca	True	1	False
Aestuarierythrobacter	True	2	False
Aestuariivirga	True	10	False
Afifella	True	1	False
Afipia	True	18	False
Agarilytica	True	1	False
Agrilutibacter	True	5	False
Agrobacterium	True	7	False
Albitalea	True	14	False
Alcaligenes	True	1	False
Alg239-R122	True	1	False
Algicoccus	True	1	False
Alicycliphilus	True	5	False
Aliidongia	True	3	False
Aliihoeflea	True	2	False
Aliiroseovarius	True	1	False
Aliitabrizicola	True	1	False
Alkalisalibacterium	True	1	False
Allobosea	True	19	False
Allochromatium	False	0	True
Allomesorhizobium	True	2	False
Allopusillimonas	True	1	False
Allorhizobium	True	6	False
Allorhodoferax	True	56	False
Allosphingosinicella	True	11	False
Allostella	True	1	False
Alsobacter	True	3	False
Alteraurantiacibacter	True	5	False
Alteriqipengyuania	True	1	False
Alterisphingorhabdus	True	1	False
Alteromonas	True	2	False
Alteromonas_E	True	1	False
Amaricoccus	True	5	False
Aminobacter	True	3	False
Amorphus	True	1	False
Amphibiibacter	True	1	False
Amphiplicatus	True	3	False
Ampullimonas	True	1	False
Amycolatopsis	True	2	False
Amylibacter	True	1	False
Ancylobacter	True	13	False
Andeanibacterium	True	2	False
Anderseniella	True	2	False
Aquabacter	True	5	False
Aquabacterium	True	65	False
Aquariibacter	True	1	False
Aquicella	True	1	False
Aquidulcibacter	True	5	False
Aquilutibacter	True	1	False
Aquimixticola	True	1	False
Aquimonas	True	10	False
Aquincola	True	4	False
Aquipseudomonas	True	7	False
Aquisalinus	True	3	False
Aquisediminimonas	True	10	False
Archangium	True	4	False
Archangium_A	True	2	False
Aromatoleum	True	4	False
Asticcacaulis	True	5	False
Astrobacterium	True	1	False
Aurantimonas	True	1	False
Aureimonas	True	1	False
Azohydromonas	True	3	False
Azonexus	True	5	False
Azorhizobium	True	3	False
Azospira	True	1	False
Azospirillum	True	6	False
Azotobacter	True	1	True
BNWE01	True	1	False
BOG-908	True	3	False
BOG-931	True	71	False
BOG-932	True	3	False
BOG-933	True	1	False
BOG-938	True	1	False
BOG-994	True	4	False
BOKV01	True	4	False
BPKI01	True	1	False
Bacillus	False	0	True
Bacillus_BU	True	1	False
Bacterioplanes	True	1	False
Bacterioplanoides	True	1	False
Bdellovibrio	True	2	False
Belnapia	True	1	False
Benzoatithermus	True	4	False
Berkiella	True	1	False
Bhargavaea	True	1	False
Bin65	True	3	False
Bin95	True	3	False
Blastococcus	True	2	False
Blastococcus_B	True	2	False
Blastomonas	True	2	False
Bog-105	True	1	False
Bog-1198	True	1	False
Bog-473	True	3	False
Bog-756	True	5	False
Bordetella	True	7	False
Bordetella_A	True	5	False
Bordetella_C	True	6	False
Brachymonas	True	3	False
Bradyrhizobium	True	239	True
Bradyrhizobium_A	True	4	False
Breoghania	True	6	False
Brevundimonas	True	13	False
Burkholderia	True	90	True
CADCVW01	True	1	False
CADEDU01	True	1	False
CADEEL01	True	1	False
CADEEN01	True	19	False
CADEFX01	True	2	False
CAHJXF01	True	7	False
CAHJXG01	True	1	False
CAIKMD01	True	2	False
CAIKUF01	True	7	False
CAIKVZ01	True	3	False
CAILKO01	True	1	False
CAIMFV01	True	3	False
CAIMUS01	True	1	False
CAIPHQ01	True	1	False
CAIPUP01	True	1	False
CAIQQQ01	True	2	False
CAISGS01	True	1	False
CAISIP01	True	14	False
CAITSH01	True	1	False
CAIUPE01	True	1	False
CAIVDX01	True	1	False
CAIVHB01	True	1	False
CAIXLI01	True	1	False
CAIXPL01	True	3	False
CAIXXC01	True	1	False
CAIYPG01	True	3	False
CAIYRG01	True	1	False
CAIYYX01	True	3	False
CAJANL01	True	1	False
CAJCHO01	True	2	False
CAJCIC01	True	2	False
CAJCIS01	True	3	False
CAJCJG01	True	1	False
CAJQQK01	True	2	False
CAKZQX01	True	1	False
CALABS01	True	2	False
CALCDT01	True	1	False
CALCYJ01	True	1	False
CALKHP01	True	1	False
CALNZV01	True	1	False
CALROG01	True	1	False
CAMBDR01	True	2	False
CAMBSA01	True	1	False
CAMCWB01	True	1	False
CAMDBL01	True	1	False
CAMDHY01	True	1	False
CAMFLJ01	True	1	False
CAMLIZ01	True	3	False
CAMLJR01	True	3	False
CAMYMG01	True	1	False
CAMYMQ01	True	1	False
CANCDA01	True	5	False
CANFOR01	True	1	False
CANGMW01	True	1	False
CANHBY01	True	2	False
CANIGJ01	True	1	False
CANJCB01	True	1	False
CANJDH01	True	2	False
CANJOT01	True	1	False
CANJQJ01	True	1	False
CANJYE01	True	1	False
CANKHJ01	True	2	False
CAVRGQ01	True	1	False
CAVROR01	True	1	False
CAVSRC01	True	3	False
CAVTAV01	True	1	False
CAVTJL01	True	1	False
CAVTWS01	True	2	False
CAVTWY01	True	3	False
CAVUBY01	True	2	False
CAVWGP01	True	1	False
CAVZAB01	True	1	False
CAVZMU01	True	1	False
CAWALT01	True	1	False
CAWBLP01	True	1	False
CAWCWK01	True	1	False
CAWFKS01	True	1	False
CAWGXZ01	True	1	False
CAWHQZ01	True	3	False
CAWJFP01	True	1	False
CAWUKT01	True	1	False
CAXBCP01	True	2	False
CAXBMB01	True	1	False
CAXBRX01	True	1	False
CAXSEF01	True	1	False
CAYFKJ01	True	1	False
CAYGKX01	True	1	False
CAYGPX01	True	1	False
CAYGQN01	True	1	False
CAYGQP01	True	1	False
CAYGRH01	True	1	False
CAYGSN01	True	1	False
CAYNRD01	True	1	False
CAYNWR01	True	1	False
CAYOJP01	True	1	False
CAYRGG01	True	1	False
CAYSGL01	True	1	False
CAYSMM01	True	1	False
CAYUYV01	True	1	False
CAYXSX01	True	1	False
CAZAAW01	True	1	False
CAZCBS01	True	1	False
CAZEFK01	True	1	False
CAZLPZ01	True	3	False
CAZNPA01	True	1	False
CAZRAL01	True	1	False
CAZRRW01	True	1	False
CAZVAR01	True	1	False
CAZVMY01	True	1	False
CAZXYL01	True	1	False
CAZZHG01	True	1	False
CAZZKE01	True	1	False
CBDBEU01	True	1	False
CBDCUY01	True	1	False
CBDCVD01	True	1	False
CBDDFQ01	True	1	False
CBDHHC01	True	1	False
CBJLQC01	True	1	False
Caballeronia	True	73	False
Caedimonas	True	1	False
Caldimonas	True	17	False
Calidifontimicrobium	True	1	False
Camelimonas	True	1	False
Candidimonas	True	1	False
Casimicrobium	True	7	False
Castellaniella	True	15	False
Catenulispora	True	1	False
Caulobacter	True	7	False
Celeribacter	True	1	False
Cellvibrio	True	1	False
Chelativorans	True	3	False
Chelatococcus_A	True	1	False
Chiayiivirga	True	1	False
Chitinasiproducens	True	1	False
Chitinimonas	True	2	False
Chromobacterium	False	0	True
Chthonobacter	True	1	False
Citreicoccus	True	1	False
Cognatiluteimonas	True	11	False
Cognatilysobacter	True	7	False
Cohaesibacter	True	1	False
Collimonas	True	11	False
Comamonas	True	45	True
Comamonas_C	True	5	False
Comamonas_E	True	1	False
Comamonas_F	True	2	False
Constrictibacter	True	1	False
Corallococcus	True	1	False
Coralloluteibacterium	True	1	False
Croceibacterium	True	2	False
Croceibacterium_A	True	2	False
Croceibacterium_B	True	4	False
Croceicoccus	True	1	False
Crossiella	True	1	False
Cupriavidus	True	148	True
Curvibacter	True	9	False
Cypionkella	True	2	False
DAHUYF01	True	9	False
DAHVFK01	True	7	False
DAICZL01	True	1	False
DAINBQ01	True	1	False
DAIODI01	True	1	False
DAISWF01	True	1	False
DAITAZ01	True	1	False
DAITMV01	True	1	False
DAOMOD01	True	1	False
DAOTEJ01	True	1	False
DASPLX01	True	2	False
DASPPM01	True	1	False
DASPTH01	True	1	False
DASRBA01	True	1	False
DASSBG01	True	4	False
DASTCZ01	True	1	False
DASTRU01	True	1	False
DASUAS01	True	5	False
DASUBN01	True	1	False
DASULK01	True	1	False
DASWJZ01	True	1	False
DASWOJ01	True	1	False
DASWYT01	True	1	False
DASXMT01	True	1	False
DASXQK01	True	1	False
DASYHS01	True	1	False
DASZHJ01	True	1	False
DATAAP01	True	1	False
DATARH01	True	9	False
DATBLQ01	True	2	False
DATCJU01	True	1	False
DATCSE01	True	4	False
DATCVA01	True	1	False
DATEDA01	True	3	False
DATEVL01	True	1	False
DATEZO01	True	1	False
DATGZW01	True	1	False
DATJCV01	True	3	False
DATJLY01	True	7	False
DATJPD01	True	1	False
DATKEK01	True	2	False
DATKPC01	True	1	False
DATKRB01	True	1	False
DATKZM01	True	1	False
DATLFA01	True	1	False
DATLGW01	True	1	False
DSNY01	True	3	False
DUZF01	True	2	False
DYIB01	True	1	False
Dactylosporangium	True	1	False
Delftia	False	0	True
Denitratimonas	True	10	False
Denitratisoma	True	1	False
Derxia	True	1	False
Desertibaculum	True	1	False
Desulfobacillus	True	8	False
Desulfobacter	True	1	False
Desulforhopalus_A	True	1	False
Diaphorobacter	True	2	False
Diaphorobacter_A	True	3	False
Dichotomicrobium	True	3	False
Dokdonella	True	13	False
Dokdonella_A	True	20	False
Dongia	True	4	False
Dongia_A	True	3	False
Dongia_B	True	1	False
Dyella	True	17	False
Dyella_A	True	3	False
Dyella_B	True	10	False
Dyella_C	True	2	False
Dyella_D	True	6	False
Egaibacter	True	4	False
Eilatimonas	True	1	False
Elstera	True	1	False
Emcibacter	True	1	False
Ensifer_A	True	2	False
Enterovibrio	True	2	False
Enterovirga	True	2	False
Eoetvoesia	True	2	False
Erythrobacter	True	6	False
Euryhalocaulis	True	1	False
Eutrophomonas	True	1	False
Eutrophovita	True	1	False
Exilibacterium	True	1	False
Extensimonas	True	2	False
FEB-7	True	6	False
Falsiroseomonas	True	1	False
Fen-1364	True	1	False
Ferirhizobium	True	1	False
Ferranicluibacter	True	1	False
Ferrovibrio	True	15	False
Filomicrobium	True	6	False
Flavimaribacter	True	3	False
Flavisphingomonas	True	1	False
Fodinicola	True	1	False
Fodinicurvata	True	1	False
Foliimonas	True	1	False
Frateuria	True	1	False
Frateuria_A	True	9	False
Frateuria_B	True	1	False
Fusibacter	True	1	False
G016756615	True	1	False
G020354665	True	1	False
G032773895	True	1	False
G051903925	True	1	False
G963691835	True	1	False
G965603855	True	1	False
GAS188	True	1	False
GCA-002840015	True	3	False
GCA-013693735	True	2	False
GCA-2708415	True	1	False
GCA-2717185	True	1	False
GCA-2721365	True	1	False
GCA-2731375	True	3	False
GJ-E10	True	2	False
GSA-30	True	1	False
GWB1-36-13	True	1	False
Ga0074130	True	2	False
Ga0077523	True	13	False
Ga0077527	True	7	False
Ga0077530	True	7	False
Ga0077548	True	5	False
Ga0077555	True	5	False
Gellertiella	True	1	False
Geminicoccus	True	2	False
Gemmatimonas	True	1	False
Geodermatophilus	True	1	False
Georhizobium	True	1	False
Glaciecola	True	3	False
Glaciimonas	True	2	False
Govanella	True	1	False
Granulosicoccus	True	2	False
HXMU1428-3	True	1	False
Hahnella	True	6	False
Halioxenophilus	True	1	False
Haliscomenobacter	True	2	False
Halomonas	True	3	False
Halospina	True	1	False
Heliomarina	True	1	False
Henriciella	True	7	False
Herbaspirillum	True	57	False
Hoeflea	True	7	False
Hoeflea_A	True	4	False
Hongsoonwoonella	True	1	False
Hyalangium	True	1	False
Hydrogenophaga	True	68	True
Hydromonas	True	2	False
Hylemonella	True	15	False
Hyphobacterium	True	3	False
Hyphococcus	True	2	False
Hyphomicrobium_A	True	15	False
Hyphomicrobium_B	True	18	False
Hyphomicrobium_C	True	9	False
Hyphomonas	True	14	False
Ideonella	True	27	False
Ideonella_A	True	9	False
Imbroritus	True	2	False
Immundisolibacter	True	1	False
Inhella	True	7	False
Inquilinus	True	2	False
J084	True	1	False
JAAAOG01	True	1	False
JAABQG01	True	2	False
JAABQT01	True	5	False
JAABRB01	True	2	False
JAABSQ01	True	1	False
JAABSX01	True	1	False
JAAFHS01	True	1	False
JAAFIP01	True	4	False
JAAFIW01	True	1	False
JAALLB01	True	1	False
JAATFS01	True	2	False
JAATGI01	True	5	False
JABDJG01	True	1	False
JABFRJ01	True	2	False
JABFWF01	True	1	False
JABJAG01	True	2	False
JABMNT01	True	1	False
JABSSF01	True	1	False
JACADY01	True	1	False
JACCZX01	True	11	False
JACDQM01	True	2	False
JACFNC01	True	1	False
JACKII01	True	2	False
JACKJK01	True	1	False
JACKJP01	True	2	False
JACKMZ01	True	1	False
JACKOX01	True	1	False
JACMQX01	True	5	False
JACPVY01	True	1	False
JACQAI01	True	1	False
JACQAP01	True	13	False
JACQFZ01	True	1	False
JACQWY01	True	1	False
JACRFY01	True	1	False
JACRPC01	True	1	False
JACXVD01	True	1	False
JADFCQ01	True	1	False
JADFZP01	True	1	False
JADGRA01	True	1	False
JADGRQ01	True	1	False
JADJOM01	True	2	False
JADJPY01	True	2	False
JADJWR01	True	4	False
JADJYF01	True	2	False
JADKFD01	True	4	False
JADYYQ01	True	1	False
JADZAI01	True	2	False
JAEMQF01	True	5	False
JAEUMD01	True	3	False
JAEUMG01	True	2	False
JAEUMY01	True	1	False
JAEUNM01	True	1	False
JAEUNX01	True	1	False
JAEUOS01	True	6	False
JAEUPI01	True	7	False
JAFAFE01	True	1	False
JAFALK01	True	3	False
JAFASC01	True	1	False
JAFAXD01	True	5	False
JAFAZJ01	True	1	False
JAFCUW01	True	10	False
JAFECT01	True	1	False
JAFEEF01	True	1	False
JAFEFJ01	True	1	False
JAFHCF01	True	1	False
JAFKFH01	True	1	False
JAFKFI01	True	1	False
JAFKKS01	True	1	False
JAGKXB01	True	2	False
JAGOEZ01	True	1	False
JAGOMX01	True	1	False
JAGQGZ01	True	1	False
JAGVSR01	True	7	False
JAGVSZ01	True	3	False
JAGWQR01	True	1	False
JAGXFR01	True	2	False
JAHBZM01	True	3	False
JAHCJQ01	True	1	False
JAHDDY01	True	1	False
JAHEAO01	True	1	False
JAHECR01	True	1	False
JAHFQI01	True	1	False
JAHQVI01	True	4	False
JAIOIW01	True	1	False
JAIRMZ01	True	1	False
JAITIJ01	True	1	False
JAITWN01	True	1	False
JAIZVZ01	True	2	False
JAJFFW01	True	1	False
JAJFGI01	True	1	False
JAJFJE01	True	1	False
JAJPKK01	True	10	False
JAJTHJ01	True	2	False
JAJUGB01	True	1	False
JAJUGE01	True	1	False
JAJXWB01	True	9	False
JAJYRX01	True	1	False
JAJZVS01	True	1	False
JAKANT01	True	1	False
JAKAWQ01	True	1	False
JAKAXS01	True	2	False
JAKFDI01	True	1	False
JAKFVA01	True	2	False
JAKFWF01	True	1	False
JAKFWI01	True	2	False
JAKOQB01	True	1	False
JAKOWB01	True	1	False
JAKPAM01	True	1	False
JAKPBU01	True	1	False
JAKPQE01	True	1	False
JAKZSU01	True	1	False
JALCLA01	True	1	False
JALHMH01	True	3	False
JALHMQ01	True	1	False
JALORV01	True	6	False
JALQUL01	True	1	False
JALYJG01	True	1	False
JALYMT01	True	1	False
JALYOK01	True	3	False
JALYUM01	True	3	False
JALZIF01	True	1	False
JALZUV01	True	2	False
JAMHWF01	True	3	False
JAMLIN01	True	2	False
JAMXLO01	True	4	False
JANFMV01	True	1	False
JANLTH01	True	1	False
JANLTP01	True	1	False
JANMAS01	True	1	False
JANMDU01	True	6	False
JANMEX01	True	2	False
JANMMJ01	True	2	False
JANNPJ01	True	1	False
JANNWF01	True	2	False
JANOBJ01	True	2	False
JANPJV01	True	1	False
JANQGH01	True	1	False
JANQMK01	True	1	False
JANQMX01	True	2	False
JANQMY01	True	1	False
JANQPV01	True	1	False
JANQPX01	True	2	False
JANQQC01	True	1	False
JANQRX01	True	1	False
JANXMO01	True	1	False
JANXQG01	True	1	False
JANXSS01	True	2	False
JANXVY01	True	1	False
JANYCG01	True	8	False
JANYHF01	True	1	False
JANYJJ01	True	2	False
JANYJL01	True	1	False
JAOAEA01	True	2	False
JAPOKJ01	True	1	False
JAQGLW01	True	2	False
JAQGMJ01	True	4	False
JAQGMR01	True	1	False
JAQGMV01	True	2	False
JAQSWP01	True	2	False
JARJEH01	True	1	False
JASHSH01	True	1	False
JASHVB01	True	2	False
JASLFM01	True	1	False
JASLMY01	True	1	False
JASMHE01	True	1	False
JAUASW01	True	4	False
JAUHXT01	True	1	False
JAUIAI01	True	3	False
JAUICS01	True	1	False
JAURZS01	True	1	False
JAUSIF01	True	1	False
JAUWAE01	True	1	False
JAVBXY01	True	1	False
JAVDCA01	True	2	False
JAVJUV01	True	1	False
JAVKBW01	True	1	False
JAVKLU01	True	1	False
JAVVHE01	True	1	False
JAWKVD01	True	2	False
JAWKXE01	True	1	False
JAWLAT01	True	2	False
JAWXCE01	True	1	False
JAXDMU01	True	3	False
JAXMEQ01	True	1	False
JAXMHB01	True	1	False
JAYODW01	True	1	False
JAYPBG01	True	1	False
JAYRSJ01	True	2	False
JAYSFC01	True	1	False
JAYYZW01	True	1	False
JAZKIX01	True	2	False
JBAQKU01	True	1	False
JBAWAM01	True	1	False
JBAZDC01	True	1	False
JBBPYC01	True	2	False
JBBPYR01	True	1	False
JBBQZO01	True	1	False
JBBROS01	True	4	False
JBBSSF01	True	2	False
JBBSUX01	True	1	False
JBCBAP01	True	1	False
JBCCFA01	True	1	False
JBDKJB01	True	1	False
JBDSBD01	True	1	False
JBDSEG01	True	2	False
JBDSTZ01	True	1	False
JBDWFY01	True	1	False
JBEAOO01	True	1	False
JBEEJL01	True	2	False
JBEEJZ01	True	2	False
JBEIGE01	True	1	False
JBFKUL01	True	1	False
JBFWRI01	True	1	False
JBFWTO01	True	1	False
JBFWYO01	True	1	False
JBFXIE01	True	1	False
JBGAHD01	True	1	False
JBGAMJ01	True	1	False
JBGSWL01	True	1	False
JBGTBD01	True	1	False
JBJXHN01	True	1	False
JBLZUR01	True	1	False
JBMYXZ01	True	1	False
JBOHHM01	True	1	False
JBOIGA01	True	1	False
JBPBQZ01	True	1	False
JBPCXK01	True	1	False
JBQCGO01	True	1	False
JBQLZQ01	True	1	False
Janthinobacterium	True	26	False
Jiella	True	2	False
KBS50	True	1	False
Kaistia	True	3	False
Keguizhuia	True	1	False
Kibdelosporangium	True	1	False
Kiloniella	True	2	False
Kineosphaera	True	1	False
Kinneretia	True	1	False
Kitasatospora	True	1	False
Kmv21	True	1	False
Kordiimonas_A	True	1	False
Kribbella	True	1	False
Kumtagia	True	5	False
L1I39	True	2	False
LBCQ02	True	1	False
LGRD01	True	4	False
LMDS01	True	14	False
LMSL01	True	1	False
LMUX01	True	3	False
LMUY01	True	1	False
LSCE01	True	3	False
Lacibacterium	True	1	False
Lacisediminimonas	True	1	False
Lacustribacter	True	7	False
Lampropedia	True	4	False
Larsenimonas	True	3	False
Lautropia	True	6	False
Legionella	True	2	False
Leisingera	True	2	False
Lentilitoribacter	True	2	False
Lentzea	True	9	False
Leptospira_A	True	1	False
Lichenihabitans	True	2	False
Limnobacter	True	11	False
Limnohabitans	True	29	False
Limnohabitans_A	True	39	False
Litorivicinus	True	1	False
Loktanella	True	1	False
Luteibacter	True	13	False
Luteimonas	True	38	False
Luteimonas_C	True	2	False
Lysobacter	True	10	False
Lysobacter_C	True	4	False
Lysobacter_I	True	29	False
Lysobacter_J	True	10	False
Lysobacter_K	True	4	False
M0108	True	1	False
M30B80	True	2	False
MED-G105	True	1	False
MH13	True	5	False
Macromonas_A	True	1	False
Macromonas_B	True	2	False
Magnetospirillum	True	3	False
Malikia	True	3	False
Mangrovicoccus	True	2	False
Maricaulis	True	2	False
Marilutibacter	True	5	False
MarineAlpha4-Bin1	True	2	False
Marinobacter	True	21	False
Marinobacter_A	True	5	False
Marinoscillum	True	1	False
Maritimibacter	True	1	False
Melaminivora	True	7	False
Mesobacterium	True	1	False
Mesorhizobium	True	96	True
Mesorhizobium_A	True	4	False
Mesorhizobium_B	True	1	False
Mesorhizobium_K	True	3	False
Mesorhizobium_L	True	1	False
Methylibium	True	5	False
Methylobacterium	True	32	False
Methylocapsa	True	13	False
Methyloceanibacter	True	20	False
Methylocystis	True	18	False
Methylopila	True	2	False
Methylosinus	True	4	False
Methylotenera_A	True	1	False
Methylovirgula	True	9	False
Micavibrio_A	True	1	False
Micavibrio_C	True	2	False
Microaerobacter	True	1	False
Microbaculum	True	2	False
Micromonospora	True	8	False
Microvirga	True	10	False
Minwuia	True	2	False
MnTg02	True	1	False
Modestobacter	True	1	False
Modicisalibacter	True	2	False
Montanilutibacter	True	1	False
Mycetohabitans	True	5	False
Mycobacterium	True	1	False
Mycoplana	True	1	False
Myxococcus	True	1	False
NAT127	True	1	False
NCED01	True	1	False
NCEH01	True	5	False
NORP139	True	1	False
Neomesorhizobium	True	1	False
Neorhizobium	True	20	False
Neoroseomonas	True	2	False
Neptunomonas	True	1	False
Nevskia	True	1	False
Nitratireductor	True	2	False
Nitrobacter	True	4	False
Nitrogeniibacter	True	2	False
Nitrospirillum	True	1	False
Niveispirillum	True	4	False
Nocardia	True	8	False
Notoacmeibacter	True	2	False
Noviherbaspirillum	True	35	False
Noviherbaspirillum_A	True	6	False
Novilysobacter	True	6	False
Novilysobacter_A	True	1	False
Novosphingobium	True	56	False
Novosphingopyxis	True	1	False
Oceanibacterium	True	1	False
Oceanicaulis	True	2	False
Oceanomicrobium	True	1	False
Oceanospirillum	True	1	False
Octadecabacter	True	2	False
Opacimonas	True	1	False
Oricola	True	2	False
Oryzicola	True	1	False
Ottowia	True	10	False
Oxalicibacterium	True	10	False
P52-10	True	2	False
PALSA-1003	True	5	False
PALSA-1004	True	1	False
PALSA-350	True	1	False
PALSA-894	True	4	False
PALSA-911	True	2	False
PBB1	True	20	False
PCRC01	True	4	False
PHCI01	True	2	False
PKWO01	True	2	False
PNAI01	True	1	False
PUIC01	True	1	False
PWQG01	True	1	False
Pacificimonas	True	1	False
Pacificispira	True	1	False
Paenactinomyces	True	1	False
Paenalcaligenes	True	2	False
Palsa-465	True	3	False
Palsa-883	True	1	False
Palsa-892	True	1	False
Pandoraea	True	38	False
Paraburkholderia	True	319	True
Paracandidimonas	True	1	False
Paracidovorax	True	12	False
Paracoccus	True	2	False
Paracraurococcus	True	1	False
Paralcaligenes	True	1	False
Paramesorhizobium	True	1	False
Parapontixanthobacter	True	1	False
Parapusillimonas	True	1	False
Pararheinheimera	True	1	False
Pararhizobium	True	5	False
Pararhodobacter	True	2	False
Pararhodospirillum	True	1	False
Pararobbsia	True	8	False
Parasphingopyxis	True	3	False
Parazoarcus	True	1	False
Paremcibacter	True	1	False
Paroceanicella	True	1	False
Parvibaculum	True	11	False
Parvularcula	True	2	False
Paucibacter	True	2	False
Paucibacter_A	True	14	False
Paucibacter_B	True	2	False
Paucimonas	True	11	False
Pelagibius	True	5	False
Pelomonas	True	40	False
Pernthalerella	True	15	False
Phaeospirillum	True	4	False
Phenylobacterium	True	9	False
Phosphoribacter	True	1	False
Phreatobacter	True	4	False
Phycobacter	True	1	False
Phyllobacterium	True	6	False
Pigmentiphaga	True	9	False
Pinirhizobacter	True	3	False
Pinisolibacter	True	1	False
Piscinibacter	True	20	False
Piscinibacterium	True	1	False
Pistricoccus	True	1	False
Planomonospora_A	True	1	False
Planosporangium	True	1	False
Plastoroseomonas	True	1	False
Poindextera	True	2	False
Polaromonas	True	109	False
Pollutimonas	True	2	False
Polymorphobacter_A	True	1	False
Polymorphobacter_B	True	3	False
Polynucleobacter	True	98	False
Ponticaulis	True	2	False
Pontixanthobacter	True	1	False
Prosthecodimorpha	True	1	False
Pseudaminobacter	True	2	False
Pseudaquabacterium	True	22	False
Pseudaquidulcibacter	True	1	False
Pseudochelatococcus	True	3	False
Pseudofulvimonas	True	4	False
Pseudogemmobacter	True	1	False
Pseudohoeflea	True	1	False
Pseudolabrys	True	73	False
Pseudoluteimonas	True	3	False
Pseudomarimonas	True	3	False
Pseudomonas	False	0	True
Pseudomonas_M	True	1	False
Pseudomonas_S	True	1	False
Pseudonocardia	True	3	False
Pseudooceanicola	True	1	False
Pseudorhodoferax	True	4	False
Pseudorhodoplanes	True	15	False
Pseudoroseomonas	True	4	False
Pseudotabrizicola	True	2	False
Pseudoxanthobacter	True	2	False
Pseudoxanthomonas	True	12	False
Pseudoxanthomonas_A	True	48	False
Pseudoxanthomonas_B	True	2	False
Puniceibacterium	True	1	False
Pusillimonas	True	3	False
Pusillimonas_C	True	3	False
Pusillimonas_D	True	1	False
QFOX01	True	4	False
QWPN01	True	1	False
Qipengyuania	True	7	False
Quisquiliibacterium	True	9	False
R-RK-3	True	3	False
RAM1	True	8	False
RBG-16-66-20	True	14	False
RDZH01	True	1	False
REEB506	True	1	False
REEB95	True	2	False
RFPW01	True	1	False
RFTU01	True	3	False
RGVT01	True	1	False
RH-AL1	True	3	False
RI-29	True	1	False
RI-34	True	5	False
RS62	True	1	False
RU20A	True	1	False
Ralstonia	True	29	True
Ramlibacter	True	44	False
Reyranella	True	36	False
Rhabdaerophilum	True	2	False
Rhabdothermincola_A	True	1	False
Rhizobacter	True	29	False
Rhizobium	True	20	False
Rhizobium_E	True	4	False
Rhizomicrobium	True	34	False
Rhizorhabdus	True	5	False
Rhizorhapis	True	2	False
Rhodanobacter	True	28	False
Rhodanobacter_A	True	1	False
Rhodobacter	True	5	False
Rhodoblastus	True	10	False
Rhodoferax	True	31	False
Rhodoferax_A	True	4	False
Rhodoferax_B	True	8	False
Rhodoferax_D	True	4	False
Rhodoligotrophos	True	1	False
Rhodomicrobium	True	9	False
Rhodophyticola	True	1	False
Rhodopila	True	16	False
Rhodoplanes	True	4	False
Rhodopseudomonas	True	6	False
Rhodopseudomonas_A	True	1	False
Rhodospira	True	1	False
Rhodovulum	True	1	False
Rivibacter	True	2	False
Robbsia	True	3	False
Roseateles	True	23	False
Roseateles_B	True	6	False
Roseateles_C	True	1	False
Roseateles_D	True	1	False
Roseateles_E	True	2	False
Roseiarcus	True	53	False
Roseibium	True	8	False
Roseitalea	True	2	False
Roseobacter	True	1	False
Roseomonas	True	1	False
Rs1	True	1	False
Rubrimonas	True	1	False
Rubrivivax	True	107	False
Rudaea	True	36	False
Ruegeria	True	3	False
Rugamonas	True	71	False
Rugosimonospora	True	2	False
S144-23	True	1	False
SBBV01	True	2	False
SCGC-AG-212-J23	True	16	False
SCQX01	True	2	False
SCTK01	True	2	False
SG-bin9	True	1	False
SG8-39	True	3	False
SG8-40	True	1	False
SHVO01	True	6	False
SHVR01	True	1	False
SHXO01	True	18	False
SHXR01	True	1	False
SYIM01	True	6	False
SZAS-79	True	5	False
SZUA-430	True	6	False
SZUA-5	True	1	False
Saccharopolyspora	True	1	False
Saccharospirillum	True	1	False
Salinisphaera	True	1	False
Salipiger	True	6	False
Sandaracinobacteroides	True	1	False
Sandarakinorhabdus	True	5	False
Schauerella	True	2	False
Schlegelella_A	True	15	False
Scleromatobacter	True	10	False
Sedimenticola	True	3	False
Seohaeicola	True	2	False
Seohaeicola_A	True	2	False
Serpentinimonas	True	1	False
Shinella	True	2	False
Simiduia	True	1	False
Simplicispira	True	17	False
Sinisalibacter	True	1	False
Sinorhizobium	True	6	True
Skermanella	True	3	False
Sneathiella	True	5	False
Solihabitans	True	1	False
Solilutibacter	True	9	False
Solimicrobium	True	1	False
Solirhodobacter	True	1	False
Solisphingomonas	True	2	False
Spectribacter	True	1	False
Sphaerisporangium	True	1	False
Sphaerotilus	True	13	False
Sphingobium	True	28	False
Sphingobium_A	True	1	False
Sphingomicrobium	True	26	False
Sphingomonas	True	24	False
Sphingomonas_H	True	1	False
Sphingomonas_I	True	4	False
Sphingomonas_O	True	5	False
Sphingopyxis	True	7	False
Sphingorhabdus_B	True	5	False
Sphingosinicella	True	1	False
Spirillospora	True	8	False
Stenotrophomonas	True	93	False
Stenotrophomonas_A	True	6	False
Steroidobacter	True	1	False
Stigonema	True	1	False
Streptacidiphilus	True	1	False
Streptomyces	True	47	False
Stutzerimonas	True	1	False
Sulfidibacter	True	1	False
Sulfitobacter	True	1	False
Sulfurivermis	True	2	False
TMED2	True	1	False
TMED27	True	3	False
TMED8	True	2	False
Tabrizicola	True	1	False
Tagaea	True	11	False
Tahibacter	True	8	False
Taklimakanibacter	True	3	False
Tardiphaga	True	9	False
Tateyamaria	True	1	False
Tectiglobus	True	3	False
Telluria	True	62	False
Telluria_A	True	16	False
Telmatobacter	True	1	False
Tepidicella	True	1	False
Tepidimonas	True	4	False
Teredinibacter	True	1	False
Terripilifer	True	9	False
Thalassobaculum	True	1	False
Thalassococcus_A	True	1	False
Thalassococcus_B	True	1	False
Thalassospira	True	6	False
Thauera	True	2	False
Thermaurantiacus	True	1	False
Thermohalobaculum	True	8	False
Thermomonas	True	25	False
Thioclava	True	1	False
Thiomonas	True	10	False
Thiomonas_A	True	20	False
Tianweitania	True	3	False
Tibeticola	True	1	False
Trebonia	True	1	False
Trinickia	True	46	False
Trinickia_A	True	3	False
Tropicimonas	True	1	False
Trujillonella	True	2	False
Tsuneonella	True	2	False
UBA11164	True	1	False
UBA11222	True	1	False
UBA11873	True	1	False
UBA1479	True	1	False
UBA1573	True	2	False
UBA1664	True	2	False
UBA1672	True	1	False
UBA1908	True	1	False
UBA2334	True	7	False
UBA2400	True	1	False
UBA2705	True	2	False
UBA2767	True	2	False
UBA3064	True	3	False
UBA4615	True	3	False
UBA4656	True	7	False
UBA5216	True	2	False
UBA5336	True	2	False
UBA5701	True	1	False
UBA6145	True	2	False
UBA6187	True	1	False
UBA7672	True	7	False
UBA7887	True	2	False
UBA9145	True	1	False
UBA9664	True	1	False
UBA981	True	1	False
UKL13-2	True	28	False
UM-FILTER-47-13	True	1	False
URHD0088	True	2	False
Undibacterium	True	20	False
Undibacterium_A	True	1	False
Usitatibacter	True	13	False
VAYN01	True	1	False
VAZQ01	True	32	False
VBCG01	True	6	False
VBCK01	True	5	False
VBDL01	True	1	False
VBDM01	True	1	False
VGDP01	True	1	False
VMCJ01	True	1	False
VXMT01	True	1	False
Variibacter	True	1	False
Variovorax	True	136	True
Variovorax_A	True	1	False
Venatoribacter	True	2	False
Verticiella	True	5	False
Vineibacter	True	3	False
Vitreimonas	True	11	False
Vreelandella	True	1	False
WHUA01	True	2	False
Wautersia	False	0	True
Wenzhouxiangella	True	11	False
Xanthobacter	True	11	False
Xanthomonas	True	34	False
Xanthomonas_A	True	13	False
Xanthomonas_B	True	3	False
Xenophilus	True	9	False
Xylophilus	True	6	False
Yanghanlia	True	3	False
Yoonia	True	1	False
Yuhushiella	True	1	False
Z2-YC6860	True	9	False
ZC4RG25	True	1	False
ZC4RG30	True	1	False
Zavarzinia	True	3	False
Zeimonas	True	11	False
Zoogloea	True	6	False
Zwartia	True	10	False
